doc_id,cluster
13324,1
13330,1
13332,1
13334,1
13335,1
13336,1
13348,1
13350,1
13375,1
13383,1
13384,1
13385,1
13390,1
13404,1
13406,1
13407,1
13412,1
13414,1
13417,1
13427,1
13435,1
13437,1
13440,1
13444,1
13454,1
13457,1
13462,1
13479,1
13485,1
13487,1
13489,1
13492,1
13493,1
13494,1
13496,1
13497,1
13501,1
13508,1
13509,1
13512,1
13518,1
13521,1
13524,1
13526,1
13529,1
13532,1
13535,1
13541,1
13544,1
13547,1
13555,1
13556,1
13561,1
13566,1
13567,1
13570,1
13573,1
13576,1
13580,1
13590,1
13595,1
13596,1
13598,1
13599,1
13605,1
13635,1
13639,1
13641,1
13642,1
13644,1
13646,1
13652,1
13656,1
13657,1
13661,1
13673,1
13676,1
13679,1
13680,1
13685,1
13688,1
13690,1
13692,1
13694,1
13696,1
13697,1
13702,1
13706,1
13711,1
13713,1
13719,1
13731,1
13737,1
13744,1
13745,1
13747,1
13748,1
13749,1
13750,1
13752,1
13767,1
13771,1
13774,1
13777,1
13781,1
13787,1
13797,1
13804,1
13805,1
13819,1
13823,1
13834,1
13835,1
13837,1
13838,1
13843,1
13856,1
13861,1
13864,1
13870,1
13873,1
13874,1
13901,1
13902,1
13903,1
13911,1
13913,1
13916,1
13917,1
13930,1
13942,1
13945,1
13964,1
13966,1
13970,1
13973,1
13987,1
13988,1
13991,1
13995,1
13997,1
13999,1
14008,1
14020,1
14022,1
14024,1
14030,1
14048,1
14049,1
14058,1
14062,1
14072,1
14074,1
14079,1
14087,1
14097,1
14099,1
14100,1
14101,1
14104,1
14110,1
14112,1
14118,1
14128,1
14143,1
14144,1
14145,1
14150,1
14172,1
14182,1
14189,1
14195,1
14197,1
14199,1
14222,1
14226,1
14231,1
14253,1
14258,1
14260,1
14261,1
14264,1
14273,1
14276,1
14277,1
14284,1
14289,1
14298,1
14299,1
14300,1
14301,1
14310,1
14311,1
14314,1
14315,1
14329,1
14334,1
14339,1
14353,1
14357,1
14382,1
14388,1
14391,1
14394,1
14411,1
14412,1
14420,1
14421,1
14434,1
14450,1
14460,1
14461,1
14464,1
14465,1
14474,1
14476,1
14477,1
14489,1
14498,1
14499,1
14500,1
14501,1
14504,1
14505,1
14512,1
14515,1
14517,1
14523,1
14541,1
14544,1
14548,1
14551,1
14578,1
14583,1
14591,1
14594,1
14597,1
14612,1
14613,1
14618,1
14622,1
14625,1
14629,1
14648,1
14656,1
14663,1
14670,1
14671,1
14685,1
14688,1
14689,1
14699,1
14705,1
14706,1
14712,1
14713,1
14716,1
14717,1
14732,1
14735,1
14739,1
14743,1
14747,1
14750,1
14755,1
14757,1
14758,1
14761,1
14766,1
14774,1
14785,1
14787,1
14789,1
14794,1
14800,1
14815,1
14817,1
14829,1
14831,1
14838,1
14839,1
14840,1
14848,1
14850,1
14851,1
14852,1
14854,1
14868,1
14881,1
14882,1
14883,1
14885,1
14890,1
14891,1
14894,1
14896,1
14908,1
14920,1
14921,1
14922,1
14929,1
14931,1
14936,1
14937,1
14938,1
14943,1
14945,1
14950,1
14951,1
14963,1
14964,1
14965,1
14971,1
14975,1
14976,1
14979,1
14983,1
14984,1
14986,1
14991,1
14999,1
15006,1
15008,1
15011,1
15019,1
15020,1
15022,1
15025,1
15031,1
15035,1
15037,1
15046,1
15047,1
15052,1
15060,1
15075,1
15076,1
15078,1
15087,1
15089,1
15092,1
15093,1
15106,1
15111,1
15113,1
15114,1
15124,1
15127,1
15130,1
15132,1
15136,1
15143,1
15147,1
15154,1
15155,1
15156,1
15160,1
15179,1
15182,1
15183,1
15186,1
15187,1
15191,1
15194,1
15197,1
15199,1
15206,1
15209,1
15223,1
15227,1
15228,1
15229,1
15236,1
15239,1
15248,1
15250,1
15258,1
15259,1
15264,1
15272,1
15299,1
15303,1
15307,1
15314,1
15315,1
15319,1
15326,1
15331,1
15333,1
15341,1
15342,1
15355,1
15357,1
15359,1
15362,1
15364,1
15365,1
15366,1
15367,1
15370,1
15371,1
15372,1
15373,1
15382,1
15383,1
15385,1
15388,1
15389,1
15394,1
15395,1
15396,1
15399,1
15402,1
15403,1
15412,1
15413,1
15414,1
15415,1
15417,1
15418,1
15419,1
15423,1
15424,1
15425,1
15427,1
15428,1
15429,1
15432,1
15433,1
15434,1
15437,1
15440,1
15442,1
15445,1
15455,1
15459,1
15460,1
15463,1
15467,1
15473,1
15475,1
15477,1
15480,1
15483,1
15501,1
15506,1
15507,1
15515,1
15517,1
15524,1
15525,1
15529,1
15537,1
15539,1
15542,1
15545,1
15546,1
15551,1
15552,1
15574,1
15579,1
15583,1
15589,1
15590,1
15591,1
15604,1
15609,1
15616,1
15618,1
15621,1
15624,1
15625,1
15626,1
15637,1
15656,1
15658,1
15660,1
15662,1
15668,1
15677,1
15679,1
15682,1
15683,1
15691,1
15692,1
15694,1
15695,1
15696,1
15697,1
15704,1
15708,1
15710,1
15718,1
15721,1
15725,1
15736,1
15740,1
15742,1
15744,1
15746,1
15757,1
15768,1
15773,1
15778,1
15779,1
15780,1
15781,1
15782,1
15783,1
15784,1
15785,1
15787,1
15794,1
15796,1
15797,1
15803,1
15805,1
15807,1
15812,1
15817,1
15827,1
15832,1
15838,1
15839,1
15852,1
15855,1
15858,1
15859,1
15862,1
15865,1
15870,1
15871,1
15872,1
15881,1
15898,1
15904,1
15905,1
15910,1
15911,1
15918,1
15929,1
15934,1
15951,1
15959,1
15960,1
15965,1
15967,1
15974,1
15975,1
15988,1
15992,1
16005,1
16016,1
16029,1
16032,1
16058,1
16061,1
16063,1
16064,1
16066,1
16071,1
16073,1
16076,1
16099,1
16100,1
16101,1
16107,1
16116,1
16117,1
16130,1
16139,1
16140,1
16146,1
16149,1
16155,1
16162,1
16168,1
16176,1
16184,1
16188,1
16190,1
16201,1
16218,1
16222,1
16224,1
16225,1
16231,1
16232,1
16236,1
16241,1
16260,1
16262,1
16263,1
16267,1
16280,1
16282,1
16289,1
16301,1
16310,1
16314,1
16316,1
16317,1
16318,1
16321,1
16328,1
16337,1
16340,1
16348,1
16360,1
16364,1
16370,1
16378,1
16379,1
16380,1
16383,1
16384,1
16385,1
16388,1
16392,1
16393,1
16398,1
16400,1
16405,1
16409,1
16421,1
16426,1
16427,1
16430,1
16436,1
16437,1
16462,1
16465,1
16475,1
16481,1
16496,1
16500,1
16501,1
16502,1
16503,1
16506,1
16513,1
16514,1
16515,1
16521,1
16523,1
16528,1
16539,1
16555,1
16556,1
16558,1
16559,1
16562,1
16567,1
16568,1
16571,1
16573,1
16594,1
16595,1
16598,1
16610,1
16627,1
16628,1
16632,1
16640,1
16644,1
16658,1
16659,1
16660,1
16663,1
16667,1
16674,1
16675,1
16676,1
16677,1
16683,1
16688,1
16689,1
16702,1
16705,1
16710,1
16712,1
16714,1
16716,1
16717,1
16728,1
16732,1
16739,1
16740,1
16743,1
16754,1
13938,3
13940,3
13943,3
13948,3
13958,3
13978,3
13984,3
13992,3
13994,3
14007,3
14018,3
14037,3
14038,3
14054,3
14059,3
14065,3
14070,3
14076,3
14095,3
14140,3
14141,3
14142,3
14151,3
14166,3
14168,3
14173,3
14178,3
14180,3
14181,3
14194,3
14198,3
14205,3
14210,3
14211,3
14212,3
14220,3
14234,3
14235,3
14237,3
14238,3
14239,3
14312,3
14340,3
14341,3
14342,3
14355,3
14364,3
14365,3
14369,3
14370,3
14381,3
14383,3
14402,3
14403,3
14416,3
14417,3
14426,3
14427,3
14428,3
14430,3
14432,3
14433,3
14528,3
14529,3
14546,3
14547,3
14555,3
14557,3
14562,3
14563,3
14574,3
14576,3
14577,3
14582,3
14587,3
14589,3
14592,3
14600,3
14602,3
14614,3
14615,3
14616,3
14630,3
14631,3
14637,3
14638,3
14672,3
14707,3
14711,3
14738,3
14744,3
14745,3
14748,3
14751,3
14752,3
14769,3
14776,3
14778,3
14780,3
14781,3
14792,3
14795,3
14803,3
14805,3
14810,3
14825,3
14827,3
14833,3
14835,3
14844,3
14869,3
14878,3
14924,3
14932,3
14947,3
14949,3
14953,3
14961,3
14977,3
14990,3
15021,3
15027,3
15034,3
15044,3
15051,3
15058,3
15061,3
15063,3
15070,3
15077,3
15085,3
15090,3
15091,3
15100,3
15101,3
15102,3
15104,3
15107,3
15110,3
15116,3
15125,3
15128,3
15129,3
15137,3
15138,3
15144,3
15153,3
15168,3
15169,3
15180,3
15221,3
15233,3
15234,3
15271,3
15275,3
15278,3
15287,3
15292,3
15306,3
15310,3
15340,3
15344,3
15345,3
15346,3
15351,3
15352,3
15363,3
15368,3
15369,3
15376,3
15377,3
15378,3
15379,3
15384,3
15390,3
15393,3
15397,3
15406,3
15408,3
15409,3
15411,3
15420,3
15421,3
15422,3
15426,3
15435,3
15436,3
15448,3
15454,3
15468,3
15472,3
15481,3
15494,3
15495,3
15497,3
15505,3
15510,3
15513,3
15514,3
15520,3
15523,3
15534,3
15553,3
15558,3
15592,3
15630,3
15642,3
15643,3
15654,3
15664,3
15669,3
15670,3
15671,3
15672,3
15707,3
15711,3
15720,3
15722,3
15734,3
15739,3
15745,3
15754,3
15770,3
15801,3
15840,3
15842,3
15843,3
15850,3
15857,3
15866,3
15867,3
15873,3
15887,3
15899,3
15906,3
15907,3
15909,3
15912,3
15923,3
15931,3
15937,3
15939,3
15958,3
15973,3
16015,3
16033,3
16034,3
16059,3
16067,3
16070,3
16114,3
16115,3
16141,3
16153,3
16161,3
16163,3
16171,3
16175,3
16177,3
16179,3
16185,3
16186,3
16189,3
16195,3
16200,3
16214,3
16215,3
16217,3
16219,3
16228,3
16230,3
16256,3
16276,3
16302,3
16303,3
16315,3
16342,3
16343,3
16345,3
16349,3
16351,3
16361,3
16363,3
16374,3
16381,3
16386,3
16390,3
16394,3
16395,3
16411,3
16413,3
16424,3
16435,3
16439,3
16508,3
16538,3
16541,3
16542,3
16543,3
16544,3
16551,3
16557,3
16569,3
16582,3
16599,3
16604,3
16605,3
16607,3
16608,3
16613,3
16620,3
16621,3
16629,3
16634,3
16664,3
16665,3
16698,3
16703,3
16752,3
16753,3
16759,3
16764,3
16765,3
16769,3
16771,3
16785,3
16795,3
16798,3
16808,3
16811,3
16812,3
16813,3
16897,3
16910,3
16912,3
16923,3
16930,3
16931,3
16934,3
16940,3
16942,3
16954,3
16967,3
16970,3
16973,3
16975,3
16981,3
16992,3
16994,3
16995,3
16998,3
17040,3
17043,3
17064,3
17067,3
17073,3
17074,3
17081,3
13980,4
13981,4
14006,4
14010,4
14013,4
14014,4
14015,4
14060,4
14063,4
14088,4
14102,4
14108,4
14113,4
14134,4
14136,4
14148,4
14152,4
14156,4
14157,4
14158,4
14164,4
14167,4
14170,4
14174,4
14200,4
14203,4
14204,4
14206,4
14207,4
14208,4
14216,4
14224,4
14229,4
14240,4
14243,4
14249,4
14268,4
14275,4
14288,4
14297,4
14302,4
14309,4
14323,4
14328,4
14344,4
14354,4
14358,4
14359,4
14362,4
14366,4
14368,4
14371,4
14372,4
14386,4
14396,4
14397,4
14399,4
14400,4
14405,4
14406,4
14414,4
14423,4
14429,4
14437,4
14438,4
14459,4
14478,4
14491,4
14493,4
14511,4
14518,4
14519,4
14526,4
14552,4
14585,4
14588,4
14601,4
14604,4
14607,4
14609,4
14619,4
14620,4
14624,4
14628,4
14646,4
14647,4
14652,4
14659,4
14678,4
14684,4
14690,4
14718,4
14740,4
14754,4
14759,4
14760,4
14762,4
14771,4
14772,4
14773,4
14775,4
14786,4
14788,4
14797,4
14798,4
14807,4
14808,4
14813,4
14816,4
14820,4
14821,4
14822,4
14830,4
14837,4
14860,4
14864,4
14874,4
14888,4
14901,4
14909,4
14915,4
14923,4
14940,4
14941,4
14955,4
14962,4
14968,4
14985,4
14987,4
14988,4
14989,4
14995,4
15000,4
15003,4
15015,4
15016,4
15017,4
15041,4
15043,4
15045,4
15053,4
15062,4
15080,4
15083,4
15088,4
15098,4
15108,4
15109,4
15118,4
15119,4
15126,4
15149,4
15174,4
15178,4
15196,4
15202,4
15216,4
15217,4
15241,4
15265,4
15282,4
15296,4
15321,4
15338,4
15348,4
15360,4
15374,4
15392,4
15405,4
15438,4
15441,4
15443,4
15446,4
15452,4
15457,4
15469,4
15479,4
15484,4
15487,4
15488,4
15489,4
15493,4
15496,4
15499,4
15502,4
15508,4
15512,4
15519,4
15522,4
15527,4
15536,4
15547,4
15584,4
15610,4
15612,4
15633,4
15635,4
15640,4
15647,4
15648,4
15650,4
15653,4
15655,4
15657,4
15674,4
15681,4
15686,4
15690,4
15693,4
15700,4
15705,4
15709,4
15723,4
15724,4
15730,4
15738,4
15753,4
15758,4
15764,4
15769,4
15786,4
15792,4
15798,4
15799,4
15809,4
15820,4
15823,4
15835,4
15837,4
15854,4
15860,4
15877,4
15880,4
15888,4
15890,4
15894,4
15900,4
15914,4
15922,4
15928,4
15933,4
15936,4
15938,4
15943,4
15956,4
15957,4
15961,4
15968,4
15983,4
15995,4
16001,4
16002,4
16003,4
16006,4
16013,4
16017,4
16027,4
16028,4
16036,4
16039,4
16045,4
16051,4
16065,4
16078,4
16079,4
16090,4
16092,4
16097,4
16110,4
16125,4
16127,4
16133,4
16143,4
16147,4
16159,4
16160,4
16166,4
16167,4
16170,4
16181,4
16191,4
16194,4
16198,4
16203,4
16205,4
16206,4
16207,4
16208,4
16210,4
16211,4
16212,4
16213,4
16220,4
16221,4
16229,4
16234,4
16239,4
16244,4
16245,4
16247,4
16251,4
16258,4
16271,4
16279,4
16286,4
16287,4
16291,4
16293,4
16319,4
16327,4
16332,4
16341,4
16355,4
16366,4
16373,4
16376,4
16377,4
16403,4
16407,4
16412,4
16417,4
16423,4
16438,4
16440,4
16454,4
16455,4
16457,4
16477,4
16480,4
16483,4
16512,4
16522,4
16534,4
16548,4
16553,4
16565,4
16566,4
16570,4
16572,4
16580,4
16581,4
16584,4
16601,4
16609,4
16611,4
16616,4
16619,4
16625,4
16638,4
16639,4
16669,4
16696,4
16711,4
16744,4
16750,4
16755,4
16758,4
16767,4
16768,4
16770,4
16774,4
16792,4
16796,4
16797,4
16806,4
16819,4
16823,4
16827,4
16832,4
16834,4
16835,4
16837,4
16853,4
16854,4
16865,4
16871,4
16904,4
16906,4
16926,4
16943,4
16944,4
16946,4
16947,4
16953,4
16956,4
16957,4
16966,4
16968,4
16972,4
16977,4
16983,4
16990,4
16997,4
17030,4
17042,4
17053,4
17056,4
17057,4
17069,4
17080,4
17103,4
17109,4
17122,4
17125,4
17134,4
17166,4
17171,4
17173,4
17180,4
17230,4
17241,4
17252,4
14415,5
14422,5
14439,5
14451,5
14452,5
14479,5
14484,5
14538,5
14542,5
14549,5
14558,5
14559,5
14561,5
14564,5
14565,5
14566,5
14570,5
14572,5
14575,5
14598,5
14603,5
14605,5
14606,5
14610,5
14611,5
14617,5
14639,5
14692,5
14726,5
14730,5
14746,5
14763,5
14764,5
14765,5
14767,5
14768,5
14770,5
14777,5
14779,5
14799,5
14802,5
14806,5
14809,5
14812,5
14818,5
14823,5
14824,5
14834,5
14836,5
14861,5
14875,5
14877,5
14895,5
14903,5
14914,5
14917,5
14928,5
14942,5
14944,5
14946,5
14954,5
14956,5
14957,5
14967,5
14969,5
14978,5
14980,5
14981,5
14982,5
14993,5
14994,5
14996,5
14997,5
15001,5
15029,5
15040,5
15042,5
15054,5
15055,5
15056,5
15068,5
15069,5
15079,5
15082,5
15086,5
15094,5
15095,5
15096,5
15097,5
15120,5
15121,5
15122,5
15123,5
15131,5
15133,5
15134,5
15135,5
15140,5
15145,5
15175,5
15181,5
15253,5
15254,5
15270,5
15281,5
15301,5
15308,5
15323,5
15327,5
15430,5
15439,5
15444,5
15447,5
15450,5
15451,5
15453,5
15456,5
15476,5
15478,5
15482,5
15485,5
15486,5
15490,5
15491,5
15492,5
15509,5
15516,5
15518,5
15521,5
15526,5
15530,5
15532,5
15533,5
15535,5
15559,5
15564,5
15566,5
15571,5
15599,5
15638,5
15644,5
15646,5
15652,5
15678,5
15680,5
15684,5
15685,5
15687,5
15701,5
15714,5
15719,5
15726,5
15727,5
15731,5
15733,5
15755,5
15849,5
15861,5
15863,5
15864,5
15874,5
15875,5
15876,5
15889,5
15902,5
15903,5
15916,5
15932,5
15941,5
15994,5
16000,5
16004,5
16007,5
16010,5
16011,5
16018,5
16022,5
16023,5
16037,5
16038,5
16043,5
16050,5
16093,5
16119,5
16120,5
16124,5
16131,5
16148,5
16158,5
16164,5
16165,5
16173,5
16174,5
16199,5
16202,5
16216,5
16238,5
16246,5
16248,5
16323,5
16333,5
16334,5
16362,5
16365,5
16367,5
16371,5
16372,5
16389,5
16399,5
16401,5
16404,5
16406,5
16410,5
16415,5
16428,5
16429,5
16433,5
16472,5
16490,5
16494,5
16497,5
16520,5
16546,5
16547,5
16549,5
16560,5
16561,5
16563,5
16564,5
16574,5
16575,5
16576,5
16577,5
16589,5
16590,5
16600,5
16602,5
16603,5
16606,5
16612,5
16614,5
16617,5
16642,5
16643,5
16668,5
16681,5
16692,5
16723,5
16748,5
16749,5
16760,5
16761,5
16762,5
16763,5
16766,5
16772,5
16775,5
16776,5
16777,5
16778,5
16799,5
16802,5
16807,5
16818,5
16821,5
16824,5
16826,5
16830,5
16831,5
16833,5
16850,5
16899,5
16941,5
16945,5
16950,5
16952,5
16962,5
16969,5
16978,5
16979,5
16982,5
16984,5
16985,5
16986,5
16991,5
16996,5
17044,5
17045,5
17047,5
17050,5
17051,5
17068,5
17078,5
17079,5
17083,5
17084,5
17085,5
17086,5
17087,5
17090,5
17091,5
17092,5
17093,5
17094,5
17097,5
17108,5
17116,5
17118,5
17119,5
17120,5
17124,5
17126,5
17127,5
17130,5
17131,5
17132,5
17133,5
17148,5
17172,5
17185,5
17190,5
17192,5
17206,5
17211,5
17218,5
17242,5
17244,5
17245,5
17246,5
17247,5
17250,5
17251,5
17253,5
17278,5
17279,5
17284,5
17285,5
17287,5
17290,5
17291,5
17292,5
17293,5
17295,5
17301,5
17315,5
17318,5
17324,5
17325,5
17326,5
17328,5
17331,5
17332,5
17333,5
17353,5
17368,5
17372,5
17401,5
17403,5
17404,5
17415,5
17442,5
17450,5
17454,5
17455,5
17456,5
17467,5
17468,5
17469,5
17481,5
17482,5
17483,5
17487,5
17493,5
17494,5
17495,5
17497,5
17508,5
17509,5
17518,5
17520,5
14012,6
14055,6
14069,6
14083,6
14103,6
14114,6
14115,6
14133,6
14147,6
14190,6
14256,6
14262,6
14263,6
14280,6
14303,6
14308,6
14316,6
14335,6
14336,6
14337,6
14378,6
14445,6
14446,6
14453,6
14458,6
14466,6
14467,6
14470,6
14471,6
14472,6
14473,6
14485,6
14487,6
14490,6
14492,6
14507,6
14510,6
14513,6
14524,6
14525,6
14532,6
14539,6
14556,6
14560,6
14595,6
14608,6
14621,6
14635,6
14644,6
14653,6
14665,6
14667,6
14673,6
14687,6
14693,6
14698,6
14724,6
14749,6
14783,6
14796,6
14832,6
14842,6
14843,6
14849,6
14855,6
14856,6
14857,6
14863,6
14897,6
14934,6
15009,6
15014,6
15023,6
15036,6
15141,6
15148,6
15157,6
15203,6
15222,6
15235,6
15237,6
15380,6
15381,6
15404,6
15431,6
15466,6
15503,6
15544,6
15550,6
15572,6
15586,6
15587,6
15593,6
15605,6
15606,6
15607,6
15613,6
15619,6
15629,6
15631,6
15632,6
15639,6
15715,6
15729,6
15735,6
15747,6
15750,6
15751,6
15752,6
15767,6
15772,6
15790,6
15791,6
15800,6
15802,6
15815,6
15816,6
15826,6
15828,6
15829,6
15830,6
15834,6
15847,6
15853,6
15913,6
15927,6
15940,6
15942,6
15944,6
15948,6
15949,6
15955,6
15962,6
15963,6
15977,6
15978,6
15980,6
15982,6
15989,6
15996,6
15997,6
16072,6
16086,6
16087,6
16104,6
16105,6
16106,6
16112,6
16138,6
16209,6
16259,6
16264,6
16266,6
16270,6
16272,6
16273,6
16278,6
16285,6
16292,6
16298,6
16299,6
16304,6
16306,6
16307,6
16312,6
16313,6
16369,6
16448,6
16449,6
16460,6
16461,6
16468,6
16474,6
16476,6
16482,6
16489,6
16509,6
16516,6
16529,6
16552,6
16585,6
16635,6
16641,6
16646,6
16648,6
16662,6
16682,6
16694,6
16700,6
16721,6
16735,6
16741,6
16745,6
16793,6
16851,6
16852,6
16879,6
16887,6
16905,6
16939,6
16963,6
16988,6
16989,6
17004,6
17005,6
17010,6
17012,6
17018,6
17026,6
17102,6
17117,6
17143,6
17147,6
17167,6
17175,6
17186,6
17199,6
17205,6
17212,6
17275,6
17300,6
17329,6
17337,6
17350,6
17365,6
17366,6
17367,6
17371,6
17373,6
17383,6
17384,6
17391,6
17398,6
17408,6
17417,6
17428,6
17436,6
17472,6
17540,6
17541,6
12418,7
12419,7
12427,7
12430,7
12475,7
12544,7
12548,7
12551,7
12578,7
12587,7
12593,7
12594,7
12595,7
12626,7
12632,7
12694,7
12708,7
12709,7
12721,7
12731,7
12735,7
12744,7
12745,7
13069,7
13077,7
13108,7
13138,7
13166,7
13198,7
13211,7
13239,7
13261,7
13302,7
13359,7
13371,7
13389,7
13405,7
13476,7
13484,7
13505,7
13506,7
13511,7
13543,7
13572,7
13577,7
13628,7
13629,7
13650,7
13665,7
13667,7
13672,7
13693,7
13754,7
13826,7
13840,7
13841,7
13842,7
13846,7
13851,7
13855,7
13881,7
13890,7
13908,7
13909,7
13920,7
13934,7
13955,7
14032,7
14036,7
14040,7
14041,7
14042,7
14082,7
14109,7
14135,7
14146,7
14184,7
14236,7
14254,7
14257,7
14283,7
14291,7
14294,7
14295,7
14317,7
14322,7
14436,7
14530,7
14581,7
14666,7
14719,7
14727,7
14733,7
14793,7
14819,7
14900,7
14906,7
14952,7
14973,7
14992,7
15002,7
15013,7
15028,7
15066,7
15072,7
15073,7
15084,7
15099,7
15112,7
15161,7
15162,7
15176,7
15189,7
15200,7
15214,7
15215,7
15249,7
15410,7
15462,7
15560,7
15565,7
15570,7
15728,7
15732,7
15765,7
15771,7
15821,7
15844,7
15884,7
15926,7
15969,7
16012,7
16014,7
16026,7
16044,7
16047,7
16053,7
16084,7
16118,7
16121,7
16172,7
16180,7
16235,7
16253,7
16290,7
16325,7
16326,7
16331,7
13260,8
13264,8
13265,8
13267,8
13271,8
13272,8
13274,8
13304,8
13306,8
13310,8
13311,8
13312,8
13313,8
13328,8
13338,8
13339,8
13342,8
13358,8
13370,8
13403,8
13430,8
13448,8
13449,8
13459,8
13460,8
13461,8
13463,8
13474,8
13475,8
13477,8
13488,8
13500,8
13502,8
13503,8
13514,8
13515,8
13517,8
13525,8
13538,8
13558,8
13579,8
13585,8
13587,8
13610,8
13614,8
13618,8
13638,8
13649,8
13662,8
13663,8
13674,8
13677,8
13689,8
13700,8
13701,8
13714,8
13716,8
13717,8
13728,8
13729,8
13733,8
13738,8
13740,8
13769,8
13778,8
13796,8
13798,8
13807,8
13844,8
13845,8
13847,8
13849,8
13852,8
13857,8
13879,8
13880,8
13886,8
13887,8
13888,8
13892,8
13918,8
13919,8
13923,8
13926,8
13932,8
13933,8
13936,8
13941,8
13956,8
13957,8
13993,8
14003,8
14039,8
14043,8
14044,8
14045,8
14046,8
14047,8
14050,8
14051,8
14052,8
14053,8
14057,8
14068,8
14078,8
14080,8
14085,8
14086,8
14090,8
14091,8
14092,8
14093,8
14111,8
14119,8
14124,8
14126,8
14130,8
14131,8
14137,8
14153,8
14185,8
14218,8
14241,8
14242,8
14244,8
14245,8
14246,8
14250,8
14251,8
14252,8
14255,8
14269,8
14278,8
14279,8
14281,8
14282,8
14285,8
14286,8
14287,8
14290,8
14292,8
14293,8
14296,8
14318,8
14319,8
14320,8
14321,8
14324,8
14325,8
14326,8
14327,8
14330,8
14331,8
14332,8
14333,8
14351,8
14377,8
14387,8
14393,8
14442,8
14443,8
14444,8
14447,8
14454,8
14455,8
14456,8
14468,8
14480,8
14482,8
14486,8
14494,8
14495,8
14496,8
14508,8
14520,8
14521,8
14522,8
14527,8
14531,8
14533,8
14535,8
14536,8
14537,8
14571,8
14634,8
14640,8
14641,8
14642,8
14643,8
14645,8
14650,8
14651,8
14655,8
14657,8
14661,8
14668,8
14669,8
14679,8
14680,8
14681,8
14682,8
14683,8
14686,8
14691,8
14694,8
14695,8
14696,8
14697,8
14708,8
14709,8
14722,8
14725,8
14731,8
14734,8
14737,8
14826,8
14828,8
14859,8
14862,8
14870,8
14871,8
14872,8
14876,8
14889,8
14898,8
14899,8
14904,8
14907,8
14911,8
14912,8
14913,8
14916,8
14935,8
14939,8
14966,8
15005,8
15007,8
15012,8
15039,8
15050,8
15057,8
15067,8
15081,8
15115,8
15159,8
15163,8
15164,8
15165,8
15166,8
15167,8
15170,8
15171,8
15173,8
15177,8
15184,8
15188,8
15198,8
15211,8
15212,8
15213,8
15230,8
15238,8
15240,8
15242,8
15243,8
15244,8
15245,8
15246,8
15247,8
15251,8
15252,8
15255,8
15257,8
15260,8
15261,8
15268,8
15269,8
15274,8
15279,8
15284,8
15285,8
15286,8
15290,8
15291,8
15293,8
15294,8
15297,8
15300,8
15304,8
15309,8
15318,8
15320,8
15322,8
15324,8
15325,8
15328,8
15329,8
15330,8
15332,8
15334,8
15335,8
15336,8
15337,8
15349,8
15353,8
15354,8
15358,8
15361,8
15375,8
15386,8
15391,8
15407,8
15416,8
15531,8
15549,8
15561,8
15562,8
15567,8
15573,8
15575,8
15576,8
15577,8
15588,8
15601,8
15603,8
15611,8
15614,8
15615,8
15617,8
15627,8
15666,8
15748,8
15749,8
15760,8
15762,8
15763,8
15774,8
15775,8
15776,8
15788,8
15793,8
15814,8
15818,8
15819,8
15822,8
15824,8
15825,8
15831,8
15836,8
15901,8
15915,8
15946,8
15947,8
15950,8
15952,8
15953,8
15976,8
15979,8
15984,8
15986,8
15987,8
15990,8
15991,8
16008,8
16040,8
16041,8
16042,8
16046,8
16049,8
16052,8
16054,8
16056,8
16057,8
16068,8
13944,10
13951,10
13968,10
13969,10
13979,10
13982,10
13983,10
13986,10
13990,10
13996,10
14009,10
14019,10
14021,10
14023,10
14025,10
14027,10
14031,10
14033,10
14034,10
14035,10
14084,10
14094,10
14125,10
14154,10
14155,10
14169,10
14179,10
14183,10
14186,10
14187,10
14192,10
14193,10
14209,10
14219,10
14221,10
14223,10
14225,10
14227,10
14232,10
14233,10
14343,10
14346,10
14347,10
14352,10
14356,10
14380,10
14384,10
14385,10
14395,10
14398,10
14408,10
14409,10
14418,10
14419,10
14424,10
14425,10
14431,10
14435,10
14440,10
14441,10
14457,10
14469,10
14481,10
14483,10
14502,10
14506,10
14509,10
14514,10
14540,10
14543,10
14545,10
14550,10
14554,10
14569,10
14579,10
14580,10
14584,10
14586,10
14590,10
14593,10
14596,10
14623,10
14626,10
14627,10
14632,10
14633,10
14654,10
14662,10
14700,10
14704,10
14721,10
14723,10
14736,10
14741,10
14742,10
14753,10
14756,10
14782,10
14790,10
14791,10
14801,10
14804,10
14811,10
14814,10
14858,10
14865,10
14866,10
14867,10
14873,10
14893,10
14905,10
14910,10
14918,10
14948,10
14958,10
14960,10
14970,10
14974,10
15004,10
15010,10
15038,10
15048,10
15049,10
15059,10
15064,10
15065,10
15074,10
15103,10
15105,10
15117,10
15139,10
15158,10
15172,10
15201,10
15204,10
15205,10
15210,10
15231,10
15262,10
15263,10
15267,10
15277,10
15316,10
15317,10
15350,10
15356,10
15398,10
15400,10
15401,10
15449,10
15458,10
15461,10
15464,10
15465,10
15470,10
15471,10
15474,10
15500,10
15504,10
15511,10
15528,10
15538,10
15548,10
15554,10
15563,10
15598,10
15600,10
15602,10
15641,10
15649,10
15659,10
15661,10
15663,10
15665,10
15667,10
15675,10
15676,10
15688,10
15689,10
15698,10
15699,10
15702,10
15703,10
15706,10
15712,10
15713,10
15716,10
15717,10
15737,10
15761,10
15777,10
15789,10
15811,10
15833,10
15841,10
15845,10
15846,10
15851,10
15856,10
15868,10
15869,10
15879,10
15882,10
15883,10
15885,10
15891,10
15892,10
15893,10
15897,10
15908,10
15919,10
15920,10
15921,10
15930,10
15935,10
15945,10
15970,10
15985,10
16009,10
16019,10
16020,10
16021,10
16024,10
16025,10
16030,10
16031,10
16035,10
16055,10
16091,10
16103,10
16134,10
16150,10
16151,10
16152,10
16154,10
16156,10
16169,10
16178,10
16183,10
16187,10
16192,10
16193,10
16196,10
16197,10
16223,10
16226,10
16227,10
16237,10
16240,10
16269,10
16277,10
16305,10
16320,10
16329,10
16344,10
16346,10
16347,10
16350,10
16352,10
16356,10
16357,10
16368,10
16397,10
16418,10
16419,10
16420,10
16425,10
16431,10
16432,10
16442,10
16446,10
16447,10
16453,10
16456,10
16485,10
16487,10
16492,10
16495,10
16526,10
16532,10
16540,10
16545,10
16554,10
16579,10
16583,10
16586,10
16587,10
16592,10
16593,10
16596,10
16597,10
16622,10
16623,10
16624,10
16626,10
16633,10
16636,10
16647,10
16652,10
16653,10
16654,10
16686,10
16727,10
16730,10
16731,10
16746,10
16747,10
16757,10
16781,10
16784,10
16790,10
16794,10
16801,10
16803,10
16804,10
16805,10
16810,10
16817,10
16828,10
16838,10
16839,10
16849,10
16862,10
16874,10
16875,10
16877,10
16888,10
16898,10
16903,10
16907,10
16949,10
16958,10
16960,10
16961,10
17006,10
17015,10
17029,10
17048,10
17066,10
17070,10
17072,10
17075,10
17099,10
17100,10
17101,10
17115,10
17128,10
17138,10
17139,10
17176,10
17188,10
17201,10
17203,10
17215,10
17216,10
17217,10
17238,10
17248,10
13084,11
13087,11
13093,11
13118,11
13131,11
13136,11
13208,11
13241,11
13247,11
13250,11
13269,11
13291,11
13292,11
13331,11
13341,11
13362,11
13415,11
13434,11
13536,11
13540,11
13562,11
13592,11
13616,11
13660,11
13664,11
13695,11
13708,11
13709,11
13757,11
13760,11
13779,11
13788,11
13820,11
13866,11
13878,11
13884,11
13889,11
13894,11
13906,11
13924,11
13950,11
13954,11
13976,11
14016,11
14067,11
14073,11
14098,11
14127,11
14132,11
14196,11
14217,11
14247,11
14267,11
14272,11
14274,11
14305,11
14390,11
14497,11
14516,11
14534,11
14553,11
14568,11
14636,11
14658,11
14664,11
14702,11
14715,11
14720,11
14728,11
14784,11
14853,11
14926,11
14927,11
14959,11
14972,11
15071,11
15192,11
15207,11
15208,11
15219,11
15224,11
15266,11
15273,11
15276,11
15288,11
15289,11
15298,11
15302,11
15305,11
15311,11
15312,11
15339,11
15498,11
15541,11
15543,11
15555,11
15557,11
15582,11
15597,11
15608,11
15620,11
15623,11
15634,11
15636,11
15673,11
15741,11
15759,11
15848,11
15878,11
15886,11
15895,11
15896,11
15917,11
15924,11
15925,11
15966,11
15971,11
15972,11
15981,11
15993,11
16123,11
16129,11
16142,11
16144,11
16145,11
16182,11
16233,11
16275,11
16295,11
16324,11
16354,11
16391,11
16408,11
16422,11
16466,11
16471,11
16473,11
16511,11
16578,11
16618,11
16661,11
13859,12
13865,12
13871,12
13872,12
13898,12
13904,12
13912,12
13925,12
13939,12
13977,12
14064,12
14066,12
14071,12
14089,12
14105,12
14106,12
14107,12
14116,12
14123,12
14138,12
14139,12
14159,12
14201,12
14215,12
14248,12
14259,12
14265,12
14266,12
14270,12
14271,12
14304,12
14306,12
14307,12
14313,12
14338,12
14448,12
14449,12
14462,12
14463,12
14475,12
14488,12
14503,12
14567,12
14573,12
14599,12
14649,12
14660,12
14674,12
14675,12
14676,12
14677,12
14701,12
14703,12
14710,12
14714,12
14729,12
14845,12
14846,12
14847,12
14879,12
14880,12
14884,12
14886,12
14887,12
14892,12
14902,12
14919,12
14925,12
14930,12
14933,12
15018,12
15024,12
15026,12
15030,12
15032,12
15033,12
15142,12
15146,12
15150,12
15151,12
15152,12
15185,12
15190,12
15193,12
15195,12
15218,12
15220,12
15225,12
15226,12
15232,12
15256,12
15280,12
15283,12
15295,12
15313,12
15347,12
15387,12
15540,12
15556,12
15568,12
15569,12
15580,12
15581,12
15585,12
15594,12
15595,12
15596,12
15622,12
15628,12
15645,12
15651,12
15743,12
15756,12
15795,12
15804,12
15806,12
15808,12
15810,12
15813,12
15964,12
15998,12
15999,12
16048,12
16060,12
16062,12
16074,12
16075,12
16077,12
16089,12
16102,12
16113,12
16128,12
16204,12
16249,12
16261,12
16274,12
16288,12
16311,12
16339,12
16358,12
16359,12
16402,12
16416,12
16458,12
16459,12
16463,12
16464,12
16467,12
16470,12
16488,12
16498,12
16499,12
16504,12
16505,12
16507,12
16510,12
16649,12
16670,12
16671,12
16672,12
16673,12
16699,12
16701,12
16704,12
16706,12
16707,12
16713,12
16715,12
16720,12
16737,12
16738,12
16840,12
16842,12
16843,12
16846,12
16855,12
16856,12
16881,12
16894,12
16895,12
16896,12
16909,12
16920,12
16922,12
16935,12
16936,12
16987,12
17008,12
17009,12
17020,12
17022,12
17023,12
17035,12
17036,12
17037,12
17046,12
17141,12
17142,12
17154,12
17155,12
17156,12
17181,12
17182,12
17194,12
17195,12
17196,12
17197,12
17219,12
17221,12
17223,12
17236,12
17340,12
17342,12
17343,12
17345,12
17351,12
17354,12
17355,12
17356,12
17379,12
17380,12
17381,12
17394,12
17395,12
17396,12
17397,12
17419,12
17425,12
17426,12
18524,14
23000,14
23141,14
24245,14
25698,14
26574,14
26575,14
14129,15
14841,15
15343,15
15766,15
16517,15
16872,15
16892,15
17233,15
9429,16
9569,16
9807,16
9915,16
10179,16
10371,16
10634,16
